id,number,timestamp
0003528583-597c2,3528583,2023-09-04T16:55:13.000Z
0003529436-4e802,3529436,2023-09-04T17:23:39.000Z
0003531071-f5ee2,3531071,2023-09-04T18:18:09.000Z
0003532836-c2367,3532836,2023-09-04T19:16:59.000Z
0003534407-9926f,3534407,2023-09-04T20:09:21.000Z
0003534448-4cf4b,3534448,2023-09-04T20:10:43.000Z
0003534498-5dade,3534498,2023-09-04T20:12:23.000Z
0003534507-f81e2,3534507,2023-09-04T20:12:41.000Z
0003534852-25c69,3534852,2023-09-04T20:24:11.000Z
0003534979-32e06,3534979,2023-09-04T20:28:25.000Z
0003535043-d0dc0,3535043,2023-09-04T20:30:33.000Z
0003535068-b4619,3535068,2023-09-04T20:31:23.000Z
0003535092-d451d,3535092,2023-09-04T20:32:11.000Z
0003535592-c6bae,3535592,2023-09-04T20:48:51.000Z
0003536513-db0d6,3536513,2023-09-04T21:19:33.000Z
0003538245-82d7e,3538245,2023-09-04T22:17:17.000Z
0003538269-e0f7e,3538269,2023-09-04T22:18:05.000Z
0003538275-5e3a9,3538275,2023-09-04T22:18:17.000Z
0003538303-c8fcd,3538303,2023-09-04T22:19:13.000Z
0003538391-4a7d1,3538391,2023-09-04T22:22:09.000Z
0003539740-dde18,3539740,2023-09-04T23:07:07.000Z
0003542607-83e09,3542607,2023-09-05T00:42:41.000Z
0003545852-b04f8,3545852,2023-09-05T02:30:51.000Z
0003548571-6f217,3548571,2023-09-05T04:01:29.000Z
0003551568-b196b,3551568,2023-09-05T05:41:23.000Z
0003554578-22962,3554578,2023-09-05T07:21:43.000Z
0003557777-768cd,3557777,2023-09-05T09:08:21.000Z
0003560669-efe96,3560669,2023-09-05T10:44:45.000Z
0003563013-c534c,3563013,2023-09-05T12:02:53.000Z
0003566042-c94b2,3566042,2023-09-05T13:43:51.000Z
0003568390-ac8ff,3568390,2023-09-05T15:02:07.000Z
0003570707-7a9fd,3570707,2023-09-05T16:19:21.000Z
0003573663-a430a,3573663,2023-09-05T17:57:53.000Z
0003576982-31df8,3576982,2023-09-05T19:48:31.000Z
0003581168-6e006,3581168,2023-09-05T22:08:03.000Z
0003581169-ecd9d,3581169,2023-09-05T22:08:05.000Z
0003584771-7093d,3584771,2023-09-06T00:08:09.000Z
0003586072-a02d3,3586072,2023-09-06T00:51:31.000Z
0003586095-e8375,3586095,2023-09-06T00:52:17.000Z
0003588503-66325,3588503,2023-09-06T02:12:33.000Z
0003591417-efb54,3591417,2023-09-06T03:49:41.000Z
0003594329-0a4bb,3594329,2023-09-06T05:26:45.000Z
0003596745-57476,3596745,2023-09-06T06:47:17.000Z
0003599632-46bd3,3599632,2023-09-06T08:23:31.000Z
0003602594-00ee2,3602594,2023-09-06T10:02:15.000Z
0003605049-c1200,3605049,2023-09-06T11:24:05.000Z
0003605166-89a60,3605166,2023-09-06T11:27:59.000Z
0003607141-f703c,3607141,2023-09-06T12:33:49.000Z
0003607713-3b906,3607713,2023-09-06T12:52:53.000Z
0003610849-6c44d,3610849,2023-09-06T14:37:25.000Z
0003613164-ce5c3,3613164,2023-09-06T15:54:35.000Z
0003616274-65e15,3616274,2023-09-06T17:38:15.000Z
0003618984-0fb35,3618984,2023-09-06T19:08:35.000Z
0003622376-dc05f,3622376,2023-09-06T21:01:39.000Z
0003626360-374e1,3626360,2023-09-06T23:14:27.000Z
0003627988-75c41,3627988,2023-09-07T00:08:43.000Z
0003628004-79f20,3628004,2023-09-07T00:09:15.000Z
0003629996-17e94,3629996,2023-09-07T01:15:39.000Z
0003633419-5ddd9,3633419,2023-09-07T03:09:45.000Z
0003636564-d37a9,3636564,2023-09-07T04:54:35.000Z
0003639293-3edde,3639293,2023-09-07T06:25:33.000Z
0003641906-7218a,3641906,2023-09-07T07:52:39.000Z
0003641907-0e3c8,3641907,2023-09-07T07:52:41.000Z
0003644413-d0f70,3644413,2023-09-07T09:16:13.000Z
0003646949-9119c,3646949,2023-09-07T10:40:45.000Z
0003649472-6ae2c,3649472,2023-09-07T12:04:51.000Z
0003652198-15e73,3652198,2023-09-07T13:35:43.000Z
0003654501-73a80,3654501,2023-09-07T14:52:29.000Z
0003657302-5fa57,3657302,2023-09-07T16:25:51.000Z
0003660385-7a609,3660385,2023-09-07T18:08:37.000Z
0003664017-997d6,3664017,2023-09-07T20:09:41.000Z
0003666864-72f71,3666864,2023-09-07T21:44:35.000Z
0003666882-fda46,3666882,2023-09-07T21:45:11.000Z
0003667749-c5d11,3667749,2023-09-07T22:14:05.000Z
0003671314-ae8f6,3671314,2023-09-08T00:12:55.000Z
0003673921-1c2ec,3673921,2023-09-08T01:39:49.000Z
0003677196-0eb8d,3677196,2023-09-08T03:28:59.000Z
0003679974-17916,3679974,2023-09-08T05:01:35.000Z
0003682806-fc93e,3682806,2023-09-08T06:35:59.000Z
0003685918-0cbcf,3685918,2023-09-08T08:19:43.000Z
0003688823-f0f91,3688823,2023-09-08T09:56:33.000Z
0003691379-98b0a,3691379,2023-09-08T11:21:45.000Z
0003693753-2e8b1,3693753,2023-09-08T12:40:53.000Z
0003696279-a6011,3696279,2023-09-08T14:05:05.000Z
0003699465-50890,3699465,2023-09-08T15:51:17.000Z
0003699466-53d14,3699466,2023-09-08T15:51:19.000Z
0003702541-c55d0,3702541,2023-09-08T17:33:49.000Z
0003706350-28b4e,3706350,2023-09-08T19:40:47.000Z
0003709817-16c4b,3709817,2023-09-08T21:36:21.000Z
0003713606-1af4f,3713606,2023-09-08T23:42:39.000Z
0003715558-b11f7,3715558,2023-09-09T00:47:43.000Z
0003715569-0b64c,3715569,2023-09-09T00:48:05.000Z
0003717157-b4a42,3717157,2023-09-09T01:41:01.000Z
0003719965-8eb96,3719965,2023-09-09T03:14:37.000Z
0003722730-1540c,3722730,2023-09-09T04:46:47.000Z
0003725734-21a9e,3725734,2023-09-09T06:26:55.000Z
0003728381-d70f9,3728381,2023-09-09T07:55:09.000Z
0003730741-64e23,3730741,2023-09-09T09:13:49.000Z
0003733821-3baba,3733821,2023-09-09T10:56:29.000Z
0003736629-7dfe0,3736629,2023-09-09T12:30:05.000Z
0003739732-9108d,3739732,2023-09-09T14:13:31.000Z
0003742919-5be82,3742919,2023-09-09T15:59:45.000Z
0003743660-f624d,3743660,2023-09-09T16:24:27.000Z
0003746040-c0757,3746040,2023-09-09T17:43:47.000Z
0003748673-360d4,3748673,2023-09-09T19:11:33.000Z
0003751778-1fba7,3751778,2023-09-09T20:55:03.000Z
0003752008-be840,3752008,2023-09-09T21:02:43.000Z
0003754761-074fb,3754761,2023-09-09T22:34:29.000Z
0003758014-9ba89,3758014,2023-09-10T00:22:55.000Z
0003760765-7e6fe,3760765,2023-09-10T01:54:37.000Z
0003760766-f5f9d,3760766,2023-09-10T01:54:39.000Z
0003764140-c8d26,3764140,2023-09-10T03:47:07.000Z
0003766868-d2b55,3766868,2023-09-10T05:18:03.000Z
0003768868-2d8b4,3768868,2023-09-10T06:24:43.000Z
0003771358-43b58,3771358,2023-09-10T07:47:43.000Z
0003774426-787c5,3774426,2023-09-10T09:29:59.000Z
0003776722-8a6b2,3776722,2023-09-10T10:46:31.000Z
0003779179-b4f2d,3779179,2023-09-10T12:08:25.000Z
0003782139-ed5cd,3782139,2023-09-10T13:47:05.000Z
0003784961-a5abc,3784961,2023-09-10T15:21:09.000Z
0003787175-7513a,3787175,2023-09-10T16:34:57.000Z
0003790039-847ab,3790039,2023-09-10T18:10:25.000Z
0003793198-c0d6c,3793198,2023-09-10T19:55:43.000Z
0003796310-f61d7,3796310,2023-09-10T21:39:27.000Z
0003799531-e9497,3799531,2023-09-10T23:26:49.000Z
0003799642-57c6d,3799642,2023-09-10T23:30:31.000Z
0003799741-62569,3799741,2023-09-10T23:33:49.000Z
0003803151-ade34,3803151,2023-09-11T01:27:29.000Z
0003805894-54147,3805894,2023-09-11T02:58:55.000Z
0003808959-a8a6c,3808959,2023-09-11T04:41:05.000Z
0003811814-82997,3811814,2023-09-11T06:16:15.000Z
0003814353-0a124,3814353,2023-09-11T07:40:53.000Z
0003816646-e21ef,3816646,2023-09-11T08:57:19.000Z
0003816647-3292b,3816647,2023-09-11T08:57:21.000Z
0003819436-78fa6,3819436,2023-09-11T10:30:19.000Z
0003822050-19c4f,3822050,2023-09-11T11:57:27.000Z
0003824142-b7fc7,3824142,2023-09-11T13:07:11.000Z
0003826810-766a2,3826810,2023-09-11T14:36:07.000Z
0003829784-225c4,3829784,2023-09-11T16:15:15.000Z
0003832653-3268f,3832653,2023-09-11T17:50:53.000Z
0003836316-96f7b,3836316,2023-09-11T19:52:59.000Z
0003839779-d11a3,3839779,2023-09-11T21:48:25.000Z
0003843767-c0d8e,3843767,2023-09-12T00:01:21.000Z
0003847262-dfc7e,3847262,2023-09-12T01:57:51.000Z
0003849800-31bab,3849800,2023-09-12T03:22:27.000Z
0003852229-08ceb,3852229,2023-09-12T04:43:25.000Z
0003855227-f43ae,3855227,2023-09-12T06:23:21.000Z
0003857955-da713,3857955,2023-09-12T07:54:17.000Z
0003860840-be117,3860840,2023-09-12T09:30:27.000Z
0003863045-326fc,3863045,2023-09-12T10:43:57.000Z
0003865997-dcdfc,3865997,2023-09-12T12:22:21.000Z
0003869221-9f4f8,3869221,2023-09-12T14:09:49.000Z
0003871961-74002,3871961,2023-09-12T15:41:09.000Z
0003874564-a4b4c,3874564,2023-09-12T17:07:55.000Z
0003874565-e6f04,3874565,2023-09-12T17:07:57.000Z
0003876054-929cf,3876054,2023-09-12T17:57:35.000Z
0003879374-8ee34,3879374,2023-09-12T19:48:15.000Z
0003882558-e9bae,3882558,2023-09-12T21:34:23.000Z
0003885914-194f2,3885914,2023-09-12T23:26:15.000Z
0003888740-3403a,3888740,2023-09-13T01:00:27.000Z
0003892244-addce,3892244,2023-09-13T02:57:15.000Z
0003895160-79197,3895160,2023-09-13T04:34:27.000Z
0003897930-c44aa,3897930,2023-09-13T06:06:47.000Z
0003900817-cef39,3900817,2023-09-13T07:43:01.000Z
0003903812-ab9a2,3903812,2023-09-13T09:22:51.000Z
0003906544-95ff4,3906544,2023-09-13T10:53:55.000Z
0003908844-a043d,3908844,2023-09-13T12:10:35.000Z
0003911574-4cdc0,3911574,2023-09-13T13:41:35.000Z
0003914366-007a1,3914366,2023-09-13T15:14:39.000Z
0003917152-4acd9,3917152,2023-09-13T16:47:31.000Z
0003918672-fe024,3918672,2023-09-13T17:38:11.000Z
0003921267-5820c,3921267,2023-09-13T19:04:41.000Z
0003923681-b4532,3923681,2023-09-13T20:25:09.000Z
0003926804-52363,3926804,2023-09-13T22:09:15.000Z
0003929560-6f151,3929560,2023-09-13T23:41:07.000Z
0003929561-08057,3929561,2023-09-13T23:41:09.000Z
0003932192-2e980,3932192,2023-09-14T01:08:51.000Z
0003934897-1a2aa,3934897,2023-09-14T02:39:01.000Z
0003936947-65137,3936947,2023-09-14T03:47:21.000Z
0003939347-0479e,3939347,2023-09-14T05:07:21.000Z
0003941543-3317b,3941543,2023-09-14T06:20:33.000Z
0003943536-997f2,3943536,2023-09-14T07:26:59.000Z
0003945942-c5348,3945942,2023-09-14T08:47:11.000Z
0003948586-5a24b,3948586,2023-09-14T10:15:19.000Z
0003951205-2d20c,3951205,2023-09-14T11:42:37.000Z
0003953867-20da3,3953867,2023-09-14T13:11:21.000Z
0003955495-c7d5e,3955495,2023-09-14T14:05:37.000Z
0003957867-6a963,3957867,2023-09-14T15:24:41.000Z
0003960160-8cfbe,3960160,2023-09-14T16:41:07.000Z
0003962069-38b6d,3962069,2023-09-14T17:44:45.000Z
0003964312-9bb96,3964312,2023-09-14T18:59:31.000Z
0003967215-4e5eb,3967215,2023-09-14T20:36:17.000Z
0003970010-358b9,3970010,2023-09-14T22:09:27.000Z
0003973267-b3c37,3973267,2023-09-14T23:58:01.000Z
0003976480-0f6b0,3976480,2023-09-15T01:45:07.000Z
0003979380-7113e,3979380,2023-09-15T03:21:47.000Z
0003979381-2fb4b,3979381,2023-09-15T03:21:49.000Z
0003981888-7f537,3981888,2023-09-15T04:45:23.000Z
0003983843-42203,3983843,2023-09-15T05:50:33.000Z
0003986343-d6bd8,3986343,2023-09-15T07:13:53.000Z
0003988641-4fc1d,3988641,2023-09-15T08:30:29.000Z
0003990731-5a345,3990731,2023-09-15T09:40:09.000Z
0003993075-5361f,3993075,2023-09-15T10:58:17.000Z
0003995356-2a01d,3995356,2023-09-15T12:14:19.000Z
0003998262-97c15,3998262,2023-09-15T13:51:11.000Z
0004000730-f2202,4000730,2023-09-15T15:13:27.000Z
0004002956-8ef04,4002956,2023-09-15T16:27:39.000Z
0004004073-38be6,4004073,2023-09-15T17:04:53.000Z
0004007435-c428a,4007435,2023-09-15T18:56:57.000Z
0004009708-4c28b,4009708,2023-09-15T20:12:43.000Z
0004011896-14278,4011896,2023-09-15T21:25:39.000Z
0004014640-5fc8b,4014640,2023-09-15T22:57:07.000Z
0004017523-2d069,4017523,2023-09-16T00:33:13.000Z
0004020130-ae75c,4020130,2023-09-16T02:00:07.000Z
0004023025-422ce,4023025,2023-09-16T03:36:37.000Z
0004025913-96759,4025913,2023-09-16T05:12:53.000Z
0004028051-67587,4028051,2023-09-16T06:24:09.000Z
0004029405-acf41,4029405,2023-09-16T07:09:17.000Z
0004031638-041c9,4031638,2023-09-16T08:23:43.000Z
0004034305-ca329,4034305,2023-09-16T09:52:37.000Z
0004036551-c02ac,4036551,2023-09-16T11:07:29.000Z
0004038951-dcd06,4038951,2023-09-16T12:27:29.000Z
0004041384-87fd3,4041384,2023-09-16T13:48:35.000Z
0004043853-de013,4043853,2023-09-16T15:10:53.000Z
0004046373-c5748,4046373,2023-09-16T16:34:53.000Z
0004048528-8e88d,4048528,2023-09-16T17:46:43.000Z
0004050234-2805d,4050234,2023-09-16T18:43:35.000Z
0004053405-a1394,4053405,2023-09-16T20:29:17.000Z
0004056664-8ef90,4056664,2023-09-16T22:17:55.000Z
0004059350-9e5cc,4059350,2023-09-16T23:47:27.000Z
0004062688-5c2ca,4062688,2023-09-17T01:38:43.000Z
0004065531-9ce33,4065531,2023-09-17T03:13:29.000Z
0004067810-6b308,4067810,2023-09-17T04:29:27.000Z
0004070742-3b750,4070742,2023-09-17T06:07:11.000Z
0004073189-72432,4073189,2023-09-17T07:28:45.000Z
0004075296-6893d,4075296,2023-09-17T08:38:59.000Z
0004077273-653d0,4077273,2023-09-17T09:44:53.000Z
0004077274-fe6f4,4077274,2023-09-17T09:44:55.000Z
0004079167-2fea9,4079167,2023-09-17T10:48:01.000Z
0004081468-f8dec,4081468,2023-09-17T12:04:43.000Z
0004084027-045a1,4084027,2023-09-17T13:30:01.000Z
0004086534-646f1,4086534,2023-09-17T14:53:35.000Z
0004089166-e87f0,4089166,2023-09-17T16:21:19.000Z
0004091849-9ecbd,4091849,2023-09-17T17:50:45.000Z
0004094190-05afe,4094190,2023-09-17T19:08:47.000Z
0004096921-f1838,4096921,2023-09-17T20:39:49.000Z
0004099584-83fbf,4099584,2023-09-17T22:08:35.000Z
0004103059-7f88d,4103059,2023-09-18T00:04:25.000Z
0004104737-22535,4104737,2023-09-18T01:00:21.000Z
0004107483-dab49,4107483,2023-09-18T02:31:53.000Z
0004110588-19108,4110588,2023-09-18T04:15:23.000Z
0004113815-a9de7,4113815,2023-09-18T06:02:57.000Z
0004117081-da6cc,4117081,2023-09-18T07:51:49.000Z
0004119547-f838d,4119547,2023-09-18T09:14:01.000Z
0004122273-176e7,4122273,2023-09-18T10:44:53.000Z
0004125548-157a2,4125548,2023-09-18T12:34:03.000Z
0004127817-f159b,4127817,2023-09-18T13:49:41.000Z
0004130203-a0828,4130203,2023-09-18T15:09:13.000Z
0004130204-0ae46,4130204,2023-09-18T15:09:15.000Z
0004132387-bf8e7,4132387,2023-09-18T16:22:01.000Z
0004134975-6c477,4134975,2023-09-18T17:48:17.000Z
0004138302-2b72c,4138302,2023-09-18T19:39:11.000Z
0004141557-346e1,4141557,2023-09-18T21:27:41.000Z
0004144917-66bcb,4144917,2023-09-18T23:19:41.000Z
0004147454-a8255,4147454,2023-09-19T00:44:15.000Z
0004148825-9a6fe,4148825,2023-09-19T01:29:57.000Z
0004152257-0f7f8,4152257,2023-09-19T03:24:21.000Z
0004155044-d4882,4155044,2023-09-19T04:57:15.000Z
0004158032-2ada2,4158032,2023-09-19T06:36:51.000Z
0004160150-9ab5d,4160150,2023-09-19T07:47:27.000Z
0004162581-12fa4,4162581,2023-09-19T09:08:29.000Z
0004165249-2050e,4165249,2023-09-19T10:37:25.000Z
0004167343-acb8c,4167343,2023-09-19T11:47:13.000Z
0004170377-d5a9b,4170377,2023-09-19T13:28:21.000Z
0004173199-2dbd0,4173199,2023-09-19T15:02:25.000Z
0004175187-e51dd,4175187,2023-09-19T16:08:41.000Z
0004178482-bbd40,4178482,2023-09-19T17:58:31.000Z
0004181881-ab6cb,4181881,2023-09-19T19:51:49.000Z
0004185335-e105b,4185335,2023-09-19T21:46:57.000Z
0004188995-09e06,4188995,2023-09-19T23:48:57.000Z
0004190972-5ee04,4190972,2023-09-20T00:54:51.000Z
0004193871-18c36,4193871,2023-09-20T02:31:29.000Z
0004195513-c2c15,4195513,2023-09-20T03:26:13.000Z
0004198287-4b248,4198287,2023-09-20T04:58:41.000Z
0004200684-4984c,4200684,2023-09-20T06:18:35.000Z
0004203440-3e28c,4203440,2023-09-20T07:50:27.000Z
0004206212-247e7,4206212,2023-09-20T09:22:51.000Z
0004208591-855bf,4208591,2023-09-20T10:42:09.000Z
0004210789-8db75,4210789,2023-09-20T11:55:25.000Z
0004213462-83766,4213462,2023-09-20T13:24:31.000Z
0004216226-7c366,4216226,2023-09-20T14:56:39.000Z
0004219343-9aaa9,4219343,2023-09-20T16:40:33.000Z
0004222699-64d65,4222699,2023-09-20T18:32:25.000Z
0004225541-5e8a8,4225541,2023-09-20T20:07:09.000Z
0004229041-4440e,4229041,2023-09-20T22:03:49.000Z
0004232498-3aa8c,4232498,2023-09-20T23:59:03.000Z
0004235860-8ec16,4235860,2023-09-21T01:51:07.000Z
0004237330-24cd4,4237330,2023-09-21T02:40:07.000Z
0004240580-43291,4240580,2023-09-21T04:28:27.000Z
0004240581-b734c,4240581,2023-09-21T04:28:29.000Z
0004243470-11fd4,4243470,2023-09-21T06:04:47.000Z
0004246428-9c7e7,4246428,2023-09-21T07:43:23.000Z
0004248678-8aab0,4248678,2023-09-21T08:58:23.000Z
0004251640-0bccf,4251640,2023-09-21T10:37:07.000Z
0004254324-9f19b,4254324,2023-09-21T12:06:35.000Z
0004256361-4019d,4256361,2023-09-21T13:14:29.000Z
0004259019-9896b,4259019,2023-09-21T14:43:05.000Z
0004261820-33b38,4261820,2023-09-21T16:16:27.000Z
0004265111-fa185,4265111,2023-09-21T18:06:09.000Z
0004268758-f3d6b,4268758,2023-09-21T20:07:43.000Z
0004272877-c2c2b,4272877,2023-09-21T22:25:01.000Z
0004275887-e3fde,4275887,2023-09-22T00:05:21.000Z
0004278263-579b7,4278263,2023-09-22T01:24:33.000Z
0004280875-66ce4,4280875,2023-09-22T02:51:37.000Z
0004283915-b7ad8,4283915,2023-09-22T04:32:57.000Z
0004286997-c2774,4286997,2023-09-22T06:15:41.000Z
0004288484-b1a3d,4288484,2023-09-22T07:05:15.000Z
0004291050-91e73,4291050,2023-09-22T08:30:47.000Z
0004293757-18760,4293757,2023-09-22T10:01:01.000Z
0004296459-77e53,4296459,2023-09-22T11:31:05.000Z
0004296460-bbfcf,4296460,2023-09-22T11:31:07.000Z
0004298813-833e0,4298813,2023-09-22T12:49:33.000Z
0004301175-c3e2f,4301175,2023-09-22T14:08:17.000Z
0004303391-15f50,4303391,2023-09-22T15:22:09.000Z
0004306634-5b2b9,4306634,2023-09-22T17:10:15.000Z
0004309585-c2c3b,4309585,2023-09-22T18:48:37.000Z
0004312428-a14fd,4312428,2023-09-22T20:23:23.000Z
0004314875-e35cd,4314875,2023-09-22T21:44:57.000Z
0004317501-fa528,4317501,2023-09-22T23:12:29.000Z
0004320186-4ea4c,4320186,2023-09-23T00:41:59.000Z
0004323123-a865e,4323123,2023-09-23T02:19:53.000Z
0004325091-606d3,4325091,2023-09-23T03:25:29.000Z
0004327869-58ab1,4327869,2023-09-23T04:58:05.000Z
0004330103-1787b,4330103,2023-09-23T06:12:33.000Z
0004331638-86ebe,4331638,2023-09-23T07:03:43.000Z
0004332927-238ee,4332927,2023-09-23T07:46:41.000Z
0004335463-f407d,4335463,2023-09-23T09:11:13.000Z
0004338059-29249,4338059,2023-09-23T10:37:45.000Z
0004340757-2fa93,4340757,2023-09-23T12:07:41.000Z
0004343141-34f80,4343141,2023-09-23T13:27:09.000Z
0004345484-18754,4345484,2023-09-23T14:45:15.000Z
0004345485-86a6c,4345485,2023-09-23T14:45:17.000Z
0004347055-87a3a,4347055,2023-09-23T15:37:37.000Z
0004349556-b0db5,4349556,2023-09-23T17:00:59.000Z
0004351361-6dcc7,4351361,2023-09-23T18:01:09.000Z
0004353791-49b84,4353791,2023-09-23T19:22:09.000Z
0004355910-8c6b6,4355910,2023-09-23T20:32:47.000Z
0004358933-2b308,4358933,2023-09-23T22:13:33.000Z
0004361942-b684f,4361942,2023-09-23T23:53:51.000Z
0004364433-28ccd,4364433,2023-09-24T01:16:53.000Z
0004366918-4738a,4366918,2023-09-24T02:39:43.000Z
0004370094-c16a1,4370094,2023-09-24T04:25:35.000Z
0004373161-4a1d4,4373161,2023-09-24T06:07:49.000Z
0004375233-47344,4375233,2023-09-24T07:16:53.000Z
0004377899-b7669,4377899,2023-09-24T08:45:45.000Z
0004380261-03288,4380261,2023-09-24T10:04:29.000Z
0004380432-24f2c,4380432,2023-09-24T10:10:11.000Z
0004382439-25bb1,4382439,2023-09-24T11:17:05.000Z
0004385047-009fc,4385047,2023-09-24T12:44:01.000Z
0004387671-833e6,4387671,2023-09-24T14:11:29.000Z
0004389884-aa739,4389884,2023-09-24T15:25:15.000Z
0004392223-47e5c,4392223,2023-09-24T16:43:13.000Z
0004395043-8d78d,4395043,2023-09-24T18:17:13.000Z
0004395044-ffdbb,4395044,2023-09-24T18:17:15.000Z
0004397999-44d77,4397999,2023-09-24T19:55:45.000Z
0004401120-c53cc,4401120,2023-09-24T21:39:47.000Z
0004404132-1fb45,4404132,2023-09-24T23:20:11.000Z
0004405689-c7dbf,4405689,2023-09-25T00:12:05.000Z
0004409206-f1f12,4409206,2023-09-25T02:09:19.000Z
0004412024-1ebd8,4412024,2023-09-25T03:43:15.000Z
0004414924-991ea,4414924,2023-09-25T05:19:55.000Z
0004416792-0fa38,4416792,2023-09-25T06:22:11.000Z
0004419494-50389,4419494,2023-09-25T07:52:15.000Z
0004421673-477aa,4421673,2023-09-25T09:04:53.000Z
0004424327-a4b25,4424327,2023-09-25T10:33:21.000Z
0004426877-ee4cb,4426877,2023-09-25T11:58:21.000Z
0004429417-28c2b,4429417,2023-09-25T13:23:01.000Z
0004432658-276d7,4432658,2023-09-25T15:11:03.000Z
0004435381-1837d,4435381,2023-09-25T16:41:49.000Z
0004438655-b4e05,4438655,2023-09-25T18:30:57.000Z
0004441839-e05c0,4441839,2023-09-25T20:17:05.000Z
0004445443-1382d,4445443,2023-09-25T22:17:13.000Z
0004447435-d6394,4447435,2023-09-25T23:23:37.000Z
0004449077-13d66,4449077,2023-09-26T00:18:21.000Z
0004449078-6c04b,4449078,2023-09-26T00:18:23.000Z
0004452526-4f859,4452526,2023-09-26T02:13:19.000Z
0004454842-45539,4454842,2023-09-26T03:30:31.000Z
0004457217-52987,4457217,2023-09-26T04:49:41.000Z
0004459505-a1e19,4459505,2023-09-26T06:05:57.000Z
0004462447-2665f,4462447,2023-09-26T07:44:01.000Z
0004464559-ace60,4464559,2023-09-26T08:54:25.000Z
0004467693-0442f,4467693,2023-09-26T10:38:53.000Z
0004470748-62c59,4470748,2023-09-26T12:20:43.000Z
0004472922-6b6b3,4472922,2023-09-26T13:33:11.000Z
0004475920-f9b04,4475920,2023-09-26T15:13:07.000Z
0004478293-ee1b5,4478293,2023-09-26T16:32:13.000Z
0004481449-4e095,4481449,2023-09-26T18:17:25.000Z
0004484233-d94f7,4484233,2023-09-26T19:50:13.000Z
0004486962-c7498,4486962,2023-09-26T21:21:11.000Z
0004490415-53259,4490415,2023-09-26T23:16:17.000Z
0004493715-bf553,4493715,2023-09-27T01:06:17.000Z
0004496598-e2330,4496598,2023-09-27T02:42:23.000Z
0004499379-6ff9f,4499379,2023-09-27T04:15:05.000Z
0004501914-a504c,4501914,2023-09-27T05:39:35.000Z
0004504144-3eb3a,4504144,2023-09-27T06:53:55.000Z
0004504145-e5eb4,4504145,2023-09-27T06:53:57.000Z
0004506028-24dd7,4506028,2023-09-27T07:56:43.000Z
0004508115-e91b8,4508115,2023-09-27T09:06:17.000Z
0004510246-475af,4510246,2023-09-27T10:17:19.000Z
0004512331-18185,4512331,2023-09-27T11:26:49.000Z
0004514177-b5248,4514177,2023-09-27T12:28:21.000Z
0004517123-c3b93,4517123,2023-09-27T14:06:33.000Z
0004519447-37497,4519447,2023-09-27T15:24:01.000Z
0004521523-72b70,4521523,2023-09-27T16:33:13.000Z
0004523651-25c5a,4523651,2023-09-27T17:44:09.000Z
0004526383-e920b,4526383,2023-09-27T19:15:13.000Z
0004529740-577cc,4529740,2023-09-27T21:07:07.000Z
0004532041-832bc,4532041,2023-09-27T22:23:49.000Z
0004534802-7682c,4534802,2023-09-27T23:55:51.000Z
0004536999-bc3e6,4536999,2023-09-28T01:09:05.000Z
0004538621-a1d85,4538621,2023-09-28T02:03:09.000Z
0004540835-dedc2,4540835,2023-09-28T03:16:57.000Z
0004543238-6daef,4543238,2023-09-28T04:37:03.000Z
0004546032-db3c9,4546032,2023-09-28T06:10:11.000Z
0004548208-56dce,4548208,2023-09-28T07:22:43.000Z
0004551205-31e01,4551205,2023-09-28T09:02:37.000Z
0004551206-28fc7,4551206,2023-09-28T09:02:39.000Z
0004553373-8e2bf,4553373,2023-09-28T10:14:53.000Z
0004556171-5bd0c,4556171,2023-09-28T11:48:09.000Z
0004559220-6838f,4559220,2023-09-28T13:29:47.000Z
0004561380-cef01,4561380,2023-09-28T14:41:47.000Z
0004563816-0f251,4563816,2023-09-28T16:02:59.000Z
0004564952-2667f,4564952,2023-09-28T16:40:51.000Z
0004567464-c6352,4567464,2023-09-28T18:04:35.000Z
0004570503-d9b16,4570503,2023-09-28T19:45:53.000Z
0004573387-ae93c,4573387,2023-09-28T21:22:01.000Z
0004576157-52860,4576157,2023-09-28T22:54:21.000Z
0004579465-f5898,4579465,2023-09-29T00:44:37.000Z
0004582637-654e3,4582637,2023-09-29T02:30:21.000Z
0004584327-ef0b6,4584327,2023-09-29T03:26:41.000Z
0004586730-3b0cb,4586730,2023-09-29T04:46:47.000Z
0004589801-b8b76,4589801,2023-09-29T06:29:09.000Z
0004592195-2d28c,4592195,2023-09-29T07:48:57.000Z
0004594602-c3c04,4594602,2023-09-29T09:09:11.000Z
0004597388-00ea0,4597388,2023-09-29T10:42:03.000Z
0004600044-b2a92,4600044,2023-09-29T12:10:35.000Z
0004602710-b3542,4602710,2023-09-29T13:39:27.000Z
0004602711-2f215,4602711,2023-09-29T13:39:29.000Z
0004605330-e7535,4605330,2023-09-29T15:06:47.000Z
0004607716-40e36,4607716,2023-09-29T16:26:19.000Z
0004609819-19b41,4609819,2023-09-29T17:36:25.000Z
0004612918-9bf65,4612918,2023-09-29T19:19:43.000Z
0004615953-eb325,4615953,2023-09-29T21:00:53.000Z
0004619169-bcbd6,4619169,2023-09-29T22:48:05.000Z
0004622611-f2cbf,4622611,2023-09-30T00:42:49.000Z
0004625518-924c6,4625518,2023-09-30T02:19:43.000Z
0004628783-3a9b2,4628783,2023-09-30T04:08:33.000Z
0004630894-c989e,4630894,2023-09-30T05:18:55.000Z
0004633935-47b0a,4633935,2023-09-30T07:00:17.000Z
0004636269-88d7e,4636269,2023-09-30T08:18:05.000Z
0004638713-4af56,4638713,2023-09-30T09:39:33.000Z
0004641209-c52b9,4641209,2023-09-30T11:02:45.000Z
0004643542-903a8,4643542,2023-09-30T12:20:31.000Z
0004645966-687fe,4645966,2023-09-30T13:41:19.000Z
0004648403-ab0a3,4648403,2023-09-30T15:02:33.000Z
0004650004-ddb26,4650004,2023-09-30T15:55:55.000Z
0004652351-08f06,4652351,2023-09-30T17:14:09.000Z
0004654987-9157e,4654987,2023-09-30T18:42:01.000Z
0004654988-73e2f,4654988,2023-09-30T18:42:03.000Z
0004657639-75102,4657639,2023-09-30T20:10:25.000Z
0004660369-fedb5,4660369,2023-09-30T21:41:25.000Z
0004663403-76e62,4663403,2023-09-30T23:22:33.000Z
0004666499-7067a,4666499,2023-10-01T01:05:45.000Z
0004669257-cbb98,4669257,2023-10-01T02:37:41.000Z
0004672094-807c4,4672094,2023-10-01T04:12:15.000Z
0004674390-575da,4674390,2023-10-01T05:28:47.000Z
0004676256-b80b6,4676256,2023-10-01T06:30:59.000Z
0004678367-3ccae,4678367,2023-10-01T07:41:21.000Z
0004680825-2e462,4680825,2023-10-01T09:03:17.000Z
0004682903-e4503,4682903,2023-10-01T10:12:33.000Z
0004685816-67e6a,4685816,2023-10-01T11:49:39.000Z
0004688001-22a00,4688001,2023-10-01T13:02:29.000Z
0004690921-efbb6,4690921,2023-10-01T14:39:49.000Z
0004693617-a37ac,4693617,2023-10-01T16:09:41.000Z
0004695762-d5039,4695762,2023-10-01T17:21:11.000Z
0004697973-5f4ba,4697973,2023-10-01T18:34:53.000Z
0004700240-5423f,4700240,2023-10-01T19:50:27.000Z
0004702510-4ddc3,4702510,2023-10-01T21:06:07.000Z
0004704955-d53d1,4704955,2023-10-01T22:27:37.000Z
0004704956-aa38f,4704956,2023-10-01T22:27:39.000Z
0004707951-9d3be,4707951,2023-10-02T00:07:29.000Z
0004710493-d0abf,4710493,2023-10-02T01:32:13.000Z
0004712945-5bff5,4712945,2023-10-02T02:53:57.000Z
0004715928-61615,4715928,2023-10-02T04:33:23.000Z
0004719137-44d67,4719137,2023-10-02T06:20:21.000Z
0004721807-e4024,4721807,2023-10-02T07:49:21.000Z
0004723998-1b64f,4723998,2023-10-02T09:02:23.000Z
0004726081-22861,4726081,2023-10-02T10:11:49.000Z
0004728756-5b9fd,4728756,2023-10-02T11:40:59.000Z
0004731041-965c6,4731041,2023-10-02T12:57:09.000Z
0004733248-e5e21,4733248,2023-10-02T14:10:43.000Z
0004735321-e642f,4735321,2023-10-02T15:19:49.000Z
0004737512-e8f3e,4737512,2023-10-02T16:32:51.000Z
0004739159-327ea,4739159,2023-10-02T17:27:45.000Z
0004741367-ccb2b,4741367,2023-10-02T18:41:21.000Z
0004744263-9ef58,4744263,2023-10-02T20:17:53.000Z
0004747485-308a6,4747485,2023-10-02T22:05:17.000Z
0004750421-68bfb,4750421,2023-10-02T23:43:09.000Z
0004753136-88d6e,4753136,2023-10-03T01:13:39.000Z
0004755490-8c2d8,4755490,2023-10-03T02:32:07.000Z
0004755491-56ae3,4755491,2023-10-03T02:32:09.000Z
0004758603-36415,4758603,2023-10-03T04:15:53.000Z
0004761415-97210,4761415,2023-10-03T05:49:37.000Z
0004764013-34870,4764013,2023-10-03T07:16:13.000Z
0004766343-1646e,4766343,2023-10-03T08:33:53.000Z
0004768816-c1802,4768816,2023-10-03T09:56:19.000Z
0004771181-c4a15,4771181,2023-10-03T11:15:09.000Z
0004773600-ba29d,4773600,2023-10-03T12:35:47.000Z
0004776368-4365e,4776368,2023-10-03T14:08:03.000Z
0004778790-cc0a7,4778790,2023-10-03T15:28:47.000Z
0004780403-3fb38,4780403,2023-10-03T16:22:33.000Z
0004784085-08a76,4784085,2023-10-03T18:25:17.000Z
0004787665-16bdc,4787665,2023-10-03T20:24:37.000Z
0004791190-99693,4791190,2023-10-03T22:22:07.000Z
0004794011-a3b9e,4794011,2023-10-03T23:56:09.000Z
